seriesCode,iso2cd,year,value
SI_POV_DAY1,ao,2018,48.0
SI_POV_DAY1,ar,2018,1.0
SI_POV_DAY1,am,2018,2.0
SI_POV_DAY1,bo,2018,5.0
SI_POV_DAY1,br,2018,4.0
SI_POV_DAY1,by,2018,0.0
SI_POV_DAY1,co,2018,4.0
SI_POV_DAY1,cr,2018,1.0
SI_POV_DAY1,do,2018,0.0
SI_POV_DAY1,ec,2018,3.0
SI_POV_DAY1,sv,2018,2.0
SI_POV_DAY1,ge,2018,5.0
SI_POV_DAY1,hn,2018,17.0
SI_POV_DAY1,id,2018,5.0
SI_POV_DAY1,kg,2018,1.0
SI_POV_DAY1,mx,2018,2.0
SI_POV_DAY1,mn,2018,1.0
SI_POV_DAY1,md,2018,0.0
SI_POV_DAY1,pa,2018,2.0
SI_POV_DAY1,py,2018,2.0
SI_POV_DAY1,pe,2018,3.0
SI_POV_DAY1,ru,2018,0.0
SI_POV_DAY1,sl,2018,40.0
SI_POV_DAY1,vn,2018,2.0
SI_POV_DAY1,th,2018,0.0
SI_POV_DAY1,tr,2018,0.0
SI_POV_DAY1,ua,2018,0.0
SI_POV_DAY1,uy,2018,0.0
SH_DYN_IMRT,dz,2018,18.7
SH_DYN_IMRT,dz,2018,20.1
SH_DYN_IMRT,dz,2018,21.5
SH_DYN_IMRT,ad,2018,3.0
SH_DYN_IMRT,ad,2018,2.7
SH_DYN_IMRT,ad,2018,2.5
SH_DYN_IMRT,ao,2018,56.7
SH_DYN_IMRT,ao,2018,46.2
SH_DYN_IMRT,ao,2018,51.6
SH_DYN_IMRT,ag,2018,5.0
SH_DYN_IMRT,ag,2018,4.6
SH_DYN_IMRT,ag,2018,5.4
SH_DYN_IMRT,az,2018,21.1
SH_DYN_IMRT,az,2018,19.2
SH_DYN_IMRT,az,2018,17.2
SH_DYN_IMRT,ar,2018,9.6
SH_DYN_IMRT,ar,2018,8.8
SH_DYN_IMRT,ar,2018,8.0
SH_DYN_IMRT,au,2018,2.8
SH_DYN_IMRT,au,2018,3.4
SH_DYN_IMRT,au,2018,3.1
SH_DYN_IMRT,at,2018,3.1
SH_DYN_IMRT,at,2018,2.9
SH_DYN_IMRT,at,2018,2.6
SH_DYN_IMRT,bs,2018,8.3
SH_DYN_IMRT,bs,2018,7.7
SH_DYN_IMRT,bs,2018,8.9
SH_DYN_IMRT,bh,2018,5.9
SH_DYN_IMRT,bh,2018,6.2
SH_DYN_IMRT,bh,2018,6.1
SH_DYN_IMRT,bd,2018,26.9
SH_DYN_IMRT,bd,2018,23.3
SH_DYN_IMRT,bd,2018,25.1
SH_DYN_IMRT,am,2018,12.2
SH_DYN_IMRT,am,2018,11.0
SH_DYN_IMRT,am,2018,9.8
SH_DYN_IMRT,bb,2018,12.3
SH_DYN_IMRT,bb,2018,11.3
SH_DYN_IMRT,bb,2018,10.2
SH_DYN_IMRT,be,2018,3.3
SH_DYN_IMRT,be,2018,2.9
SH_DYN_IMRT,be,2018,2.6
SH_DYN_IMRT,bt,2018,22.4
SH_DYN_IMRT,bt,2018,27.1
SH_DYN_IMRT,bt,2018,24.8
SH_DYN_IMRT,bo,2018,19.5
SH_DYN_IMRT,bo,2018,24.1
SH_DYN_IMRT,bo,2018,21.8
SH_DYN_IMRT,ba,2018,5.5
SH_DYN_IMRT,ba,2018,5.0
SH_DYN_IMRT,ba,2018,4.5
SH_DYN_IMRT,bw,2018,26.9
SH_DYN_IMRT,bw,2018,32.9
SH_DYN_IMRT,bw,2018,30.0
SH_DYN_IMRT,br,2018,12.8
SH_DYN_IMRT,br,2018,14.3
SH_DYN_IMRT,br,2018,11.2
SH_DYN_IMRT,bz,2018,12.2
SH_DYN_IMRT,bz,2018,11.2
SH_DYN_IMRT,bz,2018,10.1
SH_DYN_IMRT,sb,2018,15.4
SH_DYN_IMRT,sb,2018,17.1
SH_DYN_IMRT,sb,2018,18.7
SH_DYN_IMRT,bn,2018,9.8
SH_DYN_IMRT,bn,2018,10.6
SH_DYN_IMRT,bn,2018,9.0
SH_DYN_IMRT,bg,2018,5.9
SH_DYN_IMRT,bg,2018,6.5
SH_DYN_IMRT,bg,2018,5.3
SH_DYN_IMRT,mm,2018,40.8
SH_DYN_IMRT,mm,2018,36.8
SH_DYN_IMRT,mm,2018,32.7
SH_DYN_IMRT,bi,2018,45.3
SH_DYN_IMRT,bi,2018,41.0
SH_DYN_IMRT,bi,2018,36.5
SH_DYN_IMRT,by,2018,2.6
SH_DYN_IMRT,by,2018,2.3
SH_DYN_IMRT,by,2018,2.9
SH_DYN_IMRT,kh,2018,21.0
SH_DYN_IMRT,kh,2018,26.9
SH_DYN_IMRT,kh,2018,24.0
SH_DYN_IMRT,cm,2018,45.6
SH_DYN_IMRT,cm,2018,50.6
SH_DYN_IMRT,cm,2018,55.3
SH_DYN_IMRT,ca,2018,4.0
SH_DYN_IMRT,ca,2018,4.3
SH_DYN_IMRT,ca,2018,4.6
SH_DYN_IMRT,cv,2018,15.0
SH_DYN_IMRT,cv,2018,18.3
SH_DYN_IMRT,cv,2018,16.7
SH_DYN_IMRT,cf,2018,77.3
SH_DYN_IMRT,cf,2018,84.5
SH_DYN_IMRT,cf,2018,91.0
SH_DYN_IMRT,lk,2018,5.8
SH_DYN_IMRT,lk,2018,6.9
SH_DYN_IMRT,lk,2018,6.4
SH_DYN_IMRT,td,2018,77.7
SH_DYN_IMRT,td,2018,71.4
SH_DYN_IMRT,td,2018,64.7
SH_DYN_IMRT,cl,2018,5.6
SH_DYN_IMRT,cl,2018,6.6
SH_DYN_IMRT,cl,2018,6.2
SH_DYN_IMRT,cn,2018,7.8
SH_DYN_IMRT,cn,2018,7.4
SH_DYN_IMRT,cn,2018,6.9
SH_DYN_IMRT,co,2018,10.8
SH_DYN_IMRT,co,2018,13.6
SH_DYN_IMRT,co,2018,12.2
SH_DYN_IMRT,km,2018,55.9
SH_DYN_IMRT,km,2018,51.3
SH_DYN_IMRT,km,2018,46.4
SH_DYN_IMRT,cg,2018,32.4
SH_DYN_IMRT,cg,2018,39.8
SH_DYN_IMRT,cg,2018,36.2
SH_DYN_IMRT,cd,2018,62.0
SH_DYN_IMRT,cd,2018,74.2
SH_DYN_IMRT,cd,2018,68.2
SH_DYN_IMRT,ck,2018,6.1
SH_DYN_IMRT,ck,2018,6.7
SH_DYN_IMRT,ck,2018,7.3
SH_DYN_IMRT,cr,2018,8.2
SH_DYN_IMRT,cr,2018,6.9
SH_DYN_IMRT,cr,2018,7.6
SH_DYN_IMRT,hr,2018,4.0
SH_DYN_IMRT,hr,2018,3.6
SH_DYN_IMRT,hr,2018,4.3
SH_DYN_IMRT,cu,2018,3.7
SH_DYN_IMRT,cu,2018,4.1
SH_DYN_IMRT,cu,2018,3.3
SH_DYN_IMRT,cy,2018,2.0
SH_DYN_IMRT,cy,2018,1.9
SH_DYN_IMRT,cy,2018,1.7
SH_DYN_IMRT,cz,2018,2.7
SH_DYN_IMRT,cz,2018,2.3
SH_DYN_IMRT,cz,2018,3.0
SH_DYN_IMRT,bj,2018,60.5
SH_DYN_IMRT,bj,2018,54.7
SH_DYN_IMRT,bj,2018,66.1
SH_DYN_IMRT,dk,2018,3.6
SH_DYN_IMRT,dk,2018,3.3
SH_DYN_IMRT,dk,2018,3.9
SH_DYN_IMRT,dm,2018,30.4
SH_DYN_IMRT,dm,2018,32.9
SH_DYN_IMRT,dm,2018,35.1
SH_DYN_IMRT,do,2018,24.1
SH_DYN_IMRT,do,2018,26.4
SH_DYN_IMRT,do,2018,21.7
SH_DYN_IMRT,ec,2018,10.7
SH_DYN_IMRT,ec,2018,13.7
SH_DYN_IMRT,ec,2018,12.2
SH_DYN_IMRT,sv,2018,13.0
SH_DYN_IMRT,sv,2018,10.5
SH_DYN_IMRT,sv,2018,11.8
SH_DYN_IMRT,gq,2018,68.3
SH_DYN_IMRT,gq,2018,56.5
SH_DYN_IMRT,gq,2018,62.6
SH_DYN_IMRT,et,2018,44.4
SH_DYN_IMRT,et,2018,33.6
SH_DYN_IMRT,et,2018,39.1
SH_DYN_IMRT,er,2018,26.7
SH_DYN_IMRT,er,2018,31.3
SH_DYN_IMRT,er,2018,35.8
SH_DYN_IMRT,ee,2018,2.3
SH_DYN_IMRT,ee,2018,2.1
SH_DYN_IMRT,ee,2018,1.9
SH_DYN_IMRT,fj,2018,21.6
SH_DYN_IMRT,fj,2018,19.7
SH_DYN_IMRT,fj,2018,23.5
SH_DYN_IMRT,fi,2018,1.5
SH_DYN_IMRT,fi,2018,1.2
SH_DYN_IMRT,fi,2018,1.4
SH_DYN_IMRT,fr,2018,3.0
SH_DYN_IMRT,fr,2018,3.7
SH_DYN_IMRT,fr,2018,3.4
SH_DYN_IMRT,dj,2018,45.1
SH_DYN_IMRT,dj,2018,54.0
SH_DYN_IMRT,dj,2018,49.8
SH_DYN_IMRT,ga,2018,32.7
SH_DYN_IMRT,ga,2018,36.4
SH_DYN_IMRT,ga,2018,28.8
SH_DYN_IMRT,ge,2018,9.7
SH_DYN_IMRT,ge,2018,8.7
SH_DYN_IMRT,ge,2018,7.7
SH_DYN_IMRT,gm,2018,35.0
SH_DYN_IMRT,gm,2018,42.9
SH_DYN_IMRT,gm,2018,39.0
SH_DYN_IMRT,ps,2018,15.8
SH_DYN_IMRT,ps,2018,18.7
SH_DYN_IMRT,ps,2018,17.3
SH_DYN_IMRT,de,2018,3.1
SH_DYN_IMRT,de,2018,3.3
SH_DYN_IMRT,de,2018,2.8
SH_DYN_IMRT,gh,2018,31.1
SH_DYN_IMRT,gh,2018,38.6
SH_DYN_IMRT,gh,2018,34.9
SH_DYN_IMRT,ki,2018,45.4
SH_DYN_IMRT,ki,2018,41.2
SH_DYN_IMRT,ki,2018,37.0
SH_DYN_IMRT,gr,2018,3.9
SH_DYN_IMRT,gr,2018,3.3
SH_DYN_IMRT,gr,2018,3.6
SH_DYN_IMRT,gd,2018,12.5
SH_DYN_IMRT,gd,2018,14.9
SH_DYN_IMRT,gd,2018,13.7
SH_DYN_IMRT,gt,2018,24.4
SH_DYN_IMRT,gt,2018,19.6
SH_DYN_IMRT,gt,2018,22.1
SH_DYN_IMRT,gn,2018,59.5
SH_DYN_IMRT,gn,2018,70.0
SH_DYN_IMRT,gn,2018,64.9
SH_DYN_IMRT,gy,2018,25.1
SH_DYN_IMRT,gy,2018,28.4
SH_DYN_IMRT,gy,2018,21.7
SH_DYN_IMRT,ht,2018,54.5
SH_DYN_IMRT,ht,2018,49.5
SH_DYN_IMRT,ht,2018,44.3
SH_DYN_IMRT,hn,2018,13.3
SH_DYN_IMRT,hn,2018,15.1
SH_DYN_IMRT,hn,2018,16.8
SH_DYN_IMRT,hu,2018,3.3
SH_DYN_IMRT,hu,2018,3.8
SH_DYN_IMRT,hu,2018,3.6
SH_DYN_IMRT,is,2018,1.5
SH_DYN_IMRT,is,2018,1.4
SH_DYN_IMRT,is,2018,1.7
SH_DYN_IMRT,in,2018,29.9
SH_DYN_IMRT,in,2018,29.9
SH_DYN_IMRT,in,2018,30.0
SH_DYN_IMRT,id,2018,18.6
SH_DYN_IMRT,id,2018,21.1
SH_DYN_IMRT,id,2018,23.5
SH_DYN_IMRT,ir,2018,12.4
SH_DYN_IMRT,ir,2018,11.7
SH_DYN_IMRT,ir,2018,13.1
SH_DYN_IMRT,iq,2018,22.5
SH_DYN_IMRT,iq,2018,20.1
SH_DYN_IMRT,iq,2018,24.6
SH_DYN_IMRT,ie,2018,3.4
SH_DYN_IMRT,ie,2018,2.8
SH_DYN_IMRT,ie,2018,3.1
SH_DYN_IMRT,il,2018,3.0
SH_DYN_IMRT,il,2018,3.2
SH_DYN_IMRT,il,2018,2.8
SH_DYN_IMRT,it,2018,2.4
SH_DYN_IMRT,it,2018,2.8
SH_DYN_IMRT,it,2018,2.6
SH_DYN_IMRT,ci,2018,52.3
SH_DYN_IMRT,ci,2018,66.0
SH_DYN_IMRT,ci,2018,59.4
SH_DYN_IMRT,jm,2018,10.9
SH_DYN_IMRT,jm,2018,13.8
SH_DYN_IMRT,jm,2018,12.4
SH_DYN_IMRT,jp,2018,1.9
SH_DYN_IMRT,jp,2018,1.8
SH_DYN_IMRT,jp,2018,1.7
SH_DYN_IMRT,kz,2018,7.6
SH_DYN_IMRT,kz,2018,10.0
SH_DYN_IMRT,kz,2018,8.8
SH_DYN_IMRT,jo,2018,15.1
SH_DYN_IMRT,jo,2018,12.6
SH_DYN_IMRT,jo,2018,13.9
SH_DYN_IMRT,ke,2018,27.4
SH_DYN_IMRT,ke,2018,30.6
SH_DYN_IMRT,ke,2018,33.7
SH_DYN_IMRT,kp,2018,12.1
SH_DYN_IMRT,kp,2018,13.7
SH_DYN_IMRT,kp,2018,15.2
SH_DYN_IMRT,kr,2018,2.5
SH_DYN_IMRT,kr,2018,2.7
SH_DYN_IMRT,kr,2018,2.9
SH_DYN_IMRT,kw,2018,6.1
SH_DYN_IMRT,kw,2018,7.3
SH_DYN_IMRT,kw,2018,6.7
SH_DYN_IMRT,kg,2018,14.9
SH_DYN_IMRT,kg,2018,16.9
SH_DYN_IMRT,kg,2018,18.8
SH_DYN_IMRT,la,2018,37.6
SH_DYN_IMRT,la,2018,41.9
SH_DYN_IMRT,la,2018,33.2
SH_DYN_IMRT,lb,2018,6.1
SH_DYN_IMRT,lb,2018,6.4
SH_DYN_IMRT,lb,2018,6.6
SH_DYN_IMRT,ls,2018,65.7
SH_DYN_IMRT,ls,2018,71.8
SH_DYN_IMRT,ls,2018,59.0
SH_DYN_IMRT,lv,2018,3.1
SH_DYN_IMRT,lv,2018,3.3
SH_DYN_IMRT,lv,2018,3.5
SH_DYN_IMRT,lr,2018,53.5
SH_DYN_IMRT,lr,2018,58.4
SH_DYN_IMRT,lr,2018,48.3
SH_DYN_IMRT,ly,2018,11.3
SH_DYN_IMRT,ly,2018,9.1
SH_DYN_IMRT,ly,2018,10.2
SH_DYN_IMRT,lt,2018,3.5
SH_DYN_IMRT,lt,2018,3.0
SH_DYN_IMRT,lt,2018,3.3
SH_DYN_IMRT,lu,2018,1.8
SH_DYN_IMRT,lu,2018,1.9
SH_DYN_IMRT,lu,2018,2.1
SH_DYN_IMRT,mg,2018,41.9
SH_DYN_IMRT,mg,2018,34.2
SH_DYN_IMRT,mg,2018,38.2
SH_DYN_IMRT,mw,2018,35.3
SH_DYN_IMRT,mw,2018,39.0
SH_DYN_IMRT,mw,2018,31.4
SH_DYN_IMRT,my,2018,6.7
SH_DYN_IMRT,my,2018,7.2
SH_DYN_IMRT,my,2018,6.1
SH_DYN_IMRT,mv,2018,6.6
SH_DYN_IMRT,mv,2018,7.4
SH_DYN_IMRT,mv,2018,8.1
SH_DYN_IMRT,ml,2018,67.2
SH_DYN_IMRT,ml,2018,62.0
SH_DYN_IMRT,ml,2018,56.3
SH_DYN_IMRT,mt,2018,6.1
SH_DYN_IMRT,mt,2018,5.6
SH_DYN_IMRT,mt,2018,6.6
SH_DYN_IMRT,mr,2018,56.9
SH_DYN_IMRT,mr,2018,45.9
SH_DYN_IMRT,mr,2018,51.5
SH_DYN_IMRT,mu,2018,12.1
SH_DYN_IMRT,mu,2018,15.0
SH_DYN_IMRT,mu,2018,13.6
SH_DYN_IMRT,mx,2018,11.0
SH_DYN_IMRT,mx,2018,9.8
SH_DYN_IMRT,mx,2018,12.0
SH_DYN_IMRT,mc,2018,2.9
SH_DYN_IMRT,mc,2018,2.3
SH_DYN_IMRT,mc,2018,2.6
SH_DYN_IMRT,mn,2018,14.0
SH_DYN_IMRT,mn,2018,11.1
SH_DYN_IMRT,mn,2018,16.8
SH_DYN_IMRT,md,2018,15.1
SH_DYN_IMRT,md,2018,13.6
SH_DYN_IMRT,md,2018,12.0
SH_DYN_IMRT,me,2018,2.2
SH_DYN_IMRT,me,2018,2.3
SH_DYN_IMRT,me,2018,2.4
SH_DYN_IMRT,ma,2018,21.2
SH_DYN_IMRT,ma,2018,19.2
SH_DYN_IMRT,ma,2018,17.1
SH_DYN_IMRT,mz,2018,49.9
SH_DYN_IMRT,mz,2018,57.9
SH_DYN_IMRT,mz,2018,54.0
SH_DYN_IMRT,om,2018,10.8
SH_DYN_IMRT,om,2018,9.8
SH_DYN_IMRT,om,2018,8.8
SH_DYN_IMRT,na,2018,25.9
SH_DYN_IMRT,na,2018,31.8
SH_DYN_IMRT,na,2018,29.0
SH_DYN_IMRT,nr,2018,29.2
SH_DYN_IMRT,nr,2018,26.4
SH_DYN_IMRT,nr,2018,23.5
SH_DYN_IMRT,np,2018,26.7
SH_DYN_IMRT,np,2018,28.9
SH_DYN_IMRT,np,2018,24.3
SH_DYN_IMRT,nl,2018,3.0
SH_DYN_IMRT,nl,2018,3.6
SH_DYN_IMRT,nl,2018,3.3
SH_DYN_IMRT,vu,2018,20.5
SH_DYN_IMRT,vu,2018,22.3
SH_DYN_IMRT,vu,2018,23.9
SH_DYN_IMRT,nz,2018,4.7
SH_DYN_IMRT,nz,2018,5.2
SH_DYN_IMRT,nz,2018,4.2
SH_DYN_IMRT,ni,2018,15.7
SH_DYN_IMRT,ni,2018,13.8
SH_DYN_IMRT,ni,2018,17.5
SH_DYN_IMRT,ne,2018,48.0
SH_DYN_IMRT,ne,2018,43.5
SH_DYN_IMRT,ne,2018,52.1
SH_DYN_IMRT,ng,2018,68.5
SH_DYN_IMRT,ng,2018,82.6
SH_DYN_IMRT,ng,2018,75.7
SH_DYN_IMRT,nu,2018,20.3
SH_DYN_IMRT,nu,2018,22.5
SH_DYN_IMRT,nu,2018,18.0
SH_DYN_IMRT,no,2018,2.1
SH_DYN_IMRT,no,2018,2.2
SH_DYN_IMRT,no,2018,1.9
SH_DYN_IMRT,fm,2018,25.6
SH_DYN_IMRT,fm,2018,22.7
SH_DYN_IMRT,fm,2018,28.2
SH_DYN_IMRT,mh,2018,24.0
SH_DYN_IMRT,mh,2018,30.5
SH_DYN_IMRT,mh,2018,27.4
SH_DYN_IMRT,pw,2018,14.6
SH_DYN_IMRT,pw,2018,16.6
SH_DYN_IMRT,pw,2018,18.5
SH_DYN_IMRT,pk,2018,51.5
SH_DYN_IMRT,pk,2018,57.2
SH_DYN_IMRT,pk,2018,62.5
SH_DYN_IMRT,pa,2018,11.7
SH_DYN_IMRT,pa,2018,14.5
SH_DYN_IMRT,pa,2018,13.1
SH_DYN_IMRT,pg,2018,34.3
SH_DYN_IMRT,pg,2018,41.4
SH_DYN_IMRT,pg,2018,38.0
SH_DYN_IMRT,py,2018,17.2
SH_DYN_IMRT,py,2018,19.0
SH_DYN_IMRT,py,2018,15.4
SH_DYN_IMRT,pe,2018,10.0
SH_DYN_IMRT,pe,2018,11.1
SH_DYN_IMRT,pe,2018,12.2
SH_DYN_IMRT,ph,2018,25.0
SH_DYN_IMRT,ph,2018,22.5
SH_DYN_IMRT,ph,2018,19.8
SH_DYN_IMRT,pl,2018,4.1
SH_DYN_IMRT,pl,2018,3.4
SH_DYN_IMRT,pl,2018,3.8
SH_DYN_IMRT,pt,2018,3.1
SH_DYN_IMRT,pt,2018,3.4
SH_DYN_IMRT,pt,2018,2.8
SH_DYN_IMRT,gw,2018,54.0
SH_DYN_IMRT,gw,2018,59.4
SH_DYN_IMRT,gw,2018,48.3
SH_DYN_IMRT,tl,2018,42.8
SH_DYN_IMRT,tl,2018,39.3
SH_DYN_IMRT,tl,2018,35.7
SH_DYN_IMRT,qa,2018,5.8
SH_DYN_IMRT,qa,2018,5.4
SH_DYN_IMRT,qa,2018,6.3
SH_DYN_IMRT,ro,2018,6.7
SH_DYN_IMRT,ro,2018,5.5
SH_DYN_IMRT,ro,2018,6.1
SH_DYN_IMRT,ru,2018,6.1
SH_DYN_IMRT,ru,2018,6.8
SH_DYN_IMRT,ru,2018,5.5
SH_DYN_IMRT,rw,2018,24.2
SH_DYN_IMRT,rw,2018,29.7
SH_DYN_IMRT,rw,2018,27.0
SH_DYN_IMRT,kn,2018,10.7
SH_DYN_IMRT,kn,2018,9.8
SH_DYN_IMRT,kn,2018,8.8
SH_DYN_IMRT,lc,2018,16.4
SH_DYN_IMRT,lc,2018,14.9
SH_DYN_IMRT,lc,2018,13.3
SH_DYN_IMRT,vc,2018,14.8
SH_DYN_IMRT,vc,2018,16.2
SH_DYN_IMRT,vc,2018,13.4
SH_DYN_IMRT,sm,2018,1.9
SH_DYN_IMRT,sm,2018,1.7
SH_DYN_IMRT,sm,2018,1.6
SH_DYN_IMRT,st,2018,24.4
SH_DYN_IMRT,st,2018,21.5
SH_DYN_IMRT,st,2018,27.1
SH_DYN_IMRT,sa,2018,6.3
SH_DYN_IMRT,sa,2018,6.0
SH_DYN_IMRT,sa,2018,5.7
SH_DYN_IMRT,sn,2018,35.3
SH_DYN_IMRT,sn,2018,28.2
SH_DYN_IMRT,sn,2018,31.8
SH_DYN_IMRT,rs,2018,4.8
SH_DYN_IMRT,rs,2018,4.3
SH_DYN_IMRT,rs,2018,5.3
SH_DYN_IMRT,sc,2018,12.4
SH_DYN_IMRT,sc,2018,11.4
SH_DYN_IMRT,sc,2018,13.4
SH_DYN_IMRT,sl,2018,72.8
SH_DYN_IMRT,sl,2018,78.5
SH_DYN_IMRT,sl,2018,83.7
SH_DYN_IMRT,sg,2018,2.3
SH_DYN_IMRT,sg,2018,2.1
SH_DYN_IMRT,sg,2018,2.4
SH_DYN_IMRT,sk,2018,4.6
SH_DYN_IMRT,sk,2018,4.2
SH_DYN_IMRT,sk,2018,5.1
SH_DYN_IMRT,vn,2018,14.1
SH_DYN_IMRT,vn,2018,16.5
SH_DYN_IMRT,vn,2018,18.7
SH_DYN_IMRT,si,2018,1.6
SH_DYN_IMRT,si,2018,1.7
SH_DYN_IMRT,si,2018,1.9
SH_DYN_IMRT,so,2018,82.3
SH_DYN_IMRT,so,2018,70.5
SH_DYN_IMRT,so,2018,76.6
SH_DYN_IMRT,za,2018,28.5
SH_DYN_IMRT,za,2018,26.0
SH_DYN_IMRT,za,2018,30.9
SH_DYN_IMRT,zw,2018,33.9
SH_DYN_IMRT,zw,2018,29.9
SH_DYN_IMRT,zw,2018,37.8
SH_DYN_IMRT,es,2018,2.5
SH_DYN_IMRT,es,2018,2.7
SH_DYN_IMRT,es,2018,2.3
SH_DYN_IMRT,ss,2018,68.6
SH_DYN_IMRT,ss,2018,63.7
SH_DYN_IMRT,ss,2018,58.3
SH_DYN_IMRT,sd,2018,42.1
SH_DYN_IMRT,sd,2018,37.3
SH_DYN_IMRT,sd,2018,46.7
SH_DYN_IMRT,sr,2018,16.9
SH_DYN_IMRT,sr,2018,18.8
SH_DYN_IMRT,sr,2018,14.9
SH_DYN_IMRT,sz,2018,47.5
SH_DYN_IMRT,sz,2018,38.3
SH_DYN_IMRT,sz,2018,43.0
SH_DYN_IMRT,se,2018,2.2
SH_DYN_IMRT,se,2018,2.4
SH_DYN_IMRT,se,2018,2.0
SH_DYN_IMRT,ch,2018,3.7
SH_DYN_IMRT,ch,2018,3.4
SH_DYN_IMRT,ch,2018,4.0
SH_DYN_IMRT,sy,2018,14.0
SH_DYN_IMRT,sy,2018,15.1
SH_DYN_IMRT,sy,2018,12.5
SH_DYN_IMRT,tj,2018,26.6
SH_DYN_IMRT,tj,2018,30.4
SH_DYN_IMRT,tj,2018,34.1
SH_DYN_IMRT,th,2018,6.9
SH_DYN_IMRT,th,2018,7.8
SH_DYN_IMRT,th,2018,8.6
SH_DYN_IMRT,tg,2018,42.2
SH_DYN_IMRT,tg,2018,47.4
SH_DYN_IMRT,tg,2018,52.3
SH_DYN_IMRT,to,2018,13.4
SH_DYN_IMRT,to,2018,15.2
SH_DYN_IMRT,to,2018,11.6
SH_DYN_IMRT,tt,2018,14.7
SH_DYN_IMRT,tt,2018,16.4
SH_DYN_IMRT,tt,2018,17.9
SH_DYN_IMRT,ae,2018,5.8
SH_DYN_IMRT,ae,2018,7.1
SH_DYN_IMRT,ae,2018,6.5
SH_DYN_IMRT,tn,2018,14.6
SH_DYN_IMRT,tn,2018,15.9
SH_DYN_IMRT,tn,2018,13.2
SH_DYN_IMRT,tr,2018,9.1
SH_DYN_IMRT,tr,2018,8.5
SH_DYN_IMRT,tr,2018,9.6
SH_DYN_IMRT,tm,2018,44.5
SH_DYN_IMRT,tm,2018,39.3
SH_DYN_IMRT,tm,2018,33.9
SH_DYN_IMRT,tv,2018,18.2
SH_DYN_IMRT,tv,2018,20.6
SH_DYN_IMRT,tv,2018,22.9
SH_DYN_IMRT,ug,2018,33.8
SH_DYN_IMRT,ug,2018,30.3
SH_DYN_IMRT,ug,2018,37.2
SH_DYN_IMRT,ua,2018,8.2
SH_DYN_IMRT,ua,2018,6.7
SH_DYN_IMRT,ua,2018,7.5
SH_DYN_IMRT,mk,2018,8.1
SH_DYN_IMRT,mk,2018,8.7
SH_DYN_IMRT,mk,2018,9.2
SH_DYN_IMRT,eg,2018,16.8
SH_DYN_IMRT,eg,2018,19.3
SH_DYN_IMRT,eg,2018,18.1
SH_DYN_IMRT,gb,2018,4.0
SH_DYN_IMRT,gb,2018,3.6
SH_DYN_IMRT,gb,2018,3.3
SH_DYN_IMRT,tz,2018,37.6
SH_DYN_IMRT,tz,2018,34.4
SH_DYN_IMRT,tz,2018,40.7
SH_DYN_IMRT,us,2018,5.1
SH_DYN_IMRT,us,2018,6.1
SH_DYN_IMRT,us,2018,5.6
SH_DYN_IMRT,bf,2018,53.2
SH_DYN_IMRT,bf,2018,44.6
SH_DYN_IMRT,bf,2018,49.0
SH_DYN_IMRT,uy,2018,6.4
SH_DYN_IMRT,uy,2018,7.1
SH_DYN_IMRT,uy,2018,5.7
SH_DYN_IMRT,uz,2018,19.1
SH_DYN_IMRT,uz,2018,16.3
SH_DYN_IMRT,uz,2018,21.8
SH_DYN_IMRT,ve,2018,19.6
SH_DYN_IMRT,ve,2018,21.4
SH_DYN_IMRT,ve,2018,23.1
SH_DYN_IMRT,ws,2018,13.6
SH_DYN_IMRT,ws,2018,12.2
SH_DYN_IMRT,ws,2018,14.9
SH_DYN_IMRT,ye,2018,39.1
SH_DYN_IMRT,ye,2018,47.0
SH_DYN_IMRT,ye,2018,42.9
SH_DYN_IMRT,zm,2018,36.6
SH_DYN_IMRT,zm,2018,40.4
SH_DYN_IMRT,zm,2018,44.2
SE_PRE_PARTN,cu,2018,100.0
SE_PRE_PARTN,cu,2018,99.93591
SE_PRE_PARTN,cu,2018,99.87526
SE_PRE_PARTN,bj,2018,84.43211
SE_PRE_PARTN,bj,2018,85.15873
SE_PRE_PARTN,bj,2018,84.8008
SE_PRE_PARTN,lc,2018,100.0
SE_PRE_PARTN,lc,2018,91.39556
SE_PRE_PARTN,lc,2018,95.64068
SE_PRE_PARTN,sm,2018,93.69085
SE_PRE_PARTN,sm,2018,87.95181
SE_PRE_PARTN,sm,2018,100.0
SE_PRE_PARTN,sa,2018,45.80565
SE_PRE_PARTN,sa,2018,51.07262
SE_PRE_PARTN,sa,2018,40.69744
SE_PRE_PARTN,sn,2018,15.51451
SE_PRE_PARTN,sn,2018,14.61049
SE_PRE_PARTN,sn,2018,16.44312
SE_PRE_PARTN,do,2018,87.97991
SE_PRE_PARTN,do,2018,87.59507
SE_PRE_PARTN,do,2018,87.22218
SE_PRE_PARTN,ec,2018,94.58671
SE_PRE_PARTN,ec,2018,97.15254
SE_PRE_PARTN,ec,2018,92.13166
SE_PRE_PARTN,sv,2018,81.51218
SE_PRE_PARTN,sv,2018,83.14872
SE_PRE_PARTN,sv,2018,82.31171
SE_PRE_PARTN,er,2018,26.53425
SE_PRE_PARTN,er,2018,26.91873
SE_PRE_PARTN,er,2018,26.7308
SE_PRE_PARTN,rs,2018,93.50316
SE_PRE_PARTN,rs,2018,93.71937
SE_PRE_PARTN,rs,2018,93.92118
SE_PRE_PARTN,sc,2018,94.43099
SE_PRE_PARTN,sc,2018,95.26775
SE_PRE_PARTN,sc,2018,96.15385
SE_PRE_PARTN,sl,2018,40.43254
SE_PRE_PARTN,sl,2018,42.91288
SE_PRE_PARTN,sl,2018,41.67206
SE_PRE_PARTN,vn,2018,99.8013
SE_PRE_PARTN,vn,2018,99.90632
SE_PRE_PARTN,vn,2018,100.0
SE_PRE_PARTN,ag,2018,86.49386
SE_PRE_PARTN,ag,2018,95.78059
SE_PRE_PARTN,ag,2018,91.06648
SE_PRE_PARTN,az,2018,69.11895
SE_PRE_PARTN,az,2018,69.54733
SE_PRE_PARTN,az,2018,68.62402
SE_PRE_PARTN,dj,2018,9.65735
SE_PRE_PARTN,dj,2018,9.34333
SE_PRE_PARTN,dj,2018,9.49454
SE_PRE_PARTN,dj,2019,12.10671
SE_PRE_PARTN,dj,2019,12.33662
SE_PRE_PARTN,dj,2019,11.87087
SE_PRE_PARTN,ps,2018,66.97382
SE_PRE_PARTN,ps,2018,68.65723
SE_PRE_PARTN,ps,2018,67.79664
SE_PRE_PARTN,gh,2018,88.6906
SE_PRE_PARTN,gh,2018,93.37377
SE_PRE_PARTN,gh,2018,90.9837
SE_PRE_PARTN,sr,2018,89.69398
SE_PRE_PARTN,sr,2018,90.8122
SE_PRE_PARTN,sr,2018,90.27315
SE_PRE_PARTN,tg,2018,96.59802
SE_PRE_PARTN,tg,2018,96.52998
SE_PRE_PARTN,tg,2018,96.6664
SE_PRE_PARTN,bs,2018,37.55622
SE_PRE_PARTN,bs,2018,35.60993
SE_PRE_PARTN,bs,2018,39.60739
SE_PRE_PARTN,bh,2018,70.50715
SE_PRE_PARTN,bh,2018,71.53206
SE_PRE_PARTN,bh,2018,69.53991
SE_PRE_PARTN,am,2018,47.536
SE_PRE_PARTN,am,2018,45.76945
SE_PRE_PARTN,am,2018,49.54133
SE_PRE_PARTN,gh,2019,86.85249
SE_PRE_PARTN,gh,2019,87.62635
SE_PRE_PARTN,gh,2019,86.11054
SE_PRE_PARTN,gt,2018,85.12712
SE_PRE_PARTN,gt,2018,84.89485
SE_PRE_PARTN,gt,2018,85.36975
SE_PRE_PARTN,va,2018,0.0
SE_PRE_PARTN,va,2018,0.0
SE_PRE_PARTN,va,2018,0.0
SE_PRE_PARTN,va,2019,0.0
SE_PRE_PARTN,va,2019,0.0
SE_PRE_PARTN,va,2019,0.0
SE_PRE_PARTN,hk,2018,100.0
SE_PRE_PARTN,bt,2018,34.63183
SE_PRE_PARTN,bt,2018,33.92602
SE_PRE_PARTN,bt,2018,35.36066
SE_PRE_PARTN,bo,2018,90.43709
SE_PRE_PARTN,bo,2018,90.12059
SE_PRE_PARTN,bo,2018,89.81775
SE_PRE_PARTN,bz,2018,86.86709
SE_PRE_PARTN,bz,2018,84.41825
SE_PRE_PARTN,bz,2018,85.62516
SE_PRE_PARTN,hk,2018,96.89781
SE_PRE_PARTN,hk,2018,94.22448
SE_PRE_PARTN,id,2018,91.79486
SE_PRE_PARTN,id,2018,100.0
SE_PRE_PARTN,id,2018,95.7982
SE_PRE_PARTN,jm,2018,92.79732
SE_PRE_PARTN,jm,2018,91.40983
SE_PRE_PARTN,jm,2018,90.07143
SE_PRE_PARTN,kz,2019,92.20409
SE_PRE_PARTN,kz,2019,88.699
SE_PRE_PARTN,kz,2019,90.40156
SE_PRE_PARTN,jo,2018,43.37772
SE_PRE_PARTN,sb,2018,60.06213
SE_PRE_PARTN,sb,2018,57.3733
SE_PRE_PARTN,sb,2018,58.67476
SE_PRE_PARTN,bn,2018,94.14576
SE_PRE_PARTN,bn,2018,94.14226
SE_PRE_PARTN,bn,2018,94.13899
SE_PRE_PARTN,bi,2018,45.42622
SE_PRE_PARTN,bi,2018,44.55618
SE_PRE_PARTN,bi,2018,43.69724
SE_PRE_PARTN,by,2018,96.48282
SE_PRE_PARTN,by,2018,99.52753
SE_PRE_PARTN,by,2018,98.05161
SE_PRE_PARTN,tv,2018,90.76923
SE_PRE_PARTN,tv,2018,88.01498
SE_PRE_PARTN,tv,2018,85.40146
SE_PRE_PARTN,eg,2018,37.00671
SE_PRE_PARTN,eg,2018,37.08449
SE_PRE_PARTN,eg,2018,37.15764
SE_PRE_PARTN,tz,2018,56.93643
SE_PRE_PARTN,tz,2018,55.31319
SE_PRE_PARTN,tz,2018,53.72806
SE_PRE_PARTN,bf,2018,16.48794
SE_PRE_PARTN,bf,2018,16.57618
SE_PRE_PARTN,bf,2018,16.39668
SE_PRE_PARTN,cv,2018,80.71591
SE_PRE_PARTN,cv,2018,80.89
SE_PRE_PARTN,cv,2018,80.54671
SE_PRE_PARTN,jo,2018,43.18416
SE_PRE_PARTN,jo,2018,43.5779
SE_PRE_PARTN,kw,2018,83.65538
SE_PRE_PARTN,kw,2018,81.18453
SE_PRE_PARTN,kw,2018,78.94943
SE_PRE_PARTN,kg,2018,90.83742
SE_PRE_PARTN,kg,2018,91.26972
SE_PRE_PARTN,kg,2018,91.72233
SE_PRE_PARTN,la,2018,67.24913
SE_PRE_PARTN,la,2018,66.94642
SE_PRE_PARTN,la,2018,66.65533
SE_PRE_PARTN,mo,2018,100.0
SE_PRE_PARTN,mo,2018,97.86916
SE_PRE_PARTN,mo,2018,95.60672
SE_PRE_PARTN,mg,2018,60.68621
SE_PRE_PARTN,mg,2018,62.88936
SE_PRE_PARTN,mg,2018,58.52835
SE_PRE_PARTN,ml,2018,43.11685
SE_PRE_PARTN,ml,2018,44.84178
SE_PRE_PARTN,ml,2018,46.50856
SE_PRE_PARTN,mu,2018,90.74327
SE_PRE_PARTN,mu,2018,88.03919
SE_PRE_PARTN,mu,2018,89.36503
SE_PRE_PARTN,mn,2018,94.14932
SE_PRE_PARTN,mn,2018,94.52253
SE_PRE_PARTN,mn,2018,93.7851
SE_PRE_PARTN,md,2018,92.46723
SE_PRE_PARTN,md,2018,94.2662
SE_PRE_PARTN,md,2018,93.34296
SE_PRE_PARTN,me,2018,73.14458
SE_PRE_PARTN,me,2018,76.71717
SE_PRE_PARTN,me,2018,75.00658
SE_PRE_PARTN,ms,2018,86.40553
SE_PRE_PARTN,ms,2018,93.43715
SE_PRE_PARTN,ms,2018,100.0
SE_PRE_PARTN,ma,2018,49.95047
SE_PRE_PARTN,ma,2018,53.56506
SE_PRE_PARTN,ma,2018,46.13358
SE_PRE_PARTN,om,2018,80.69581
SE_PRE_PARTN,om,2018,79.35986
SE_PRE_PARTN,om,2018,82.11396
SE_PRE_PARTN,na,2018,68.87588
SE_PRE_PARTN,na,2018,67.35941
SE_PRE_PARTN,na,2018,70.39158
SE_PRE_PARTN,np,2019,86.97027
SE_PRE_PARTN,np,2019,82.92236
SE_PRE_PARTN,np,2019,90.9807
SE_PRE_PARTN,pk,2018,87.30129
SE_PRE_PARTN,pk,2018,93.88417
SE_PRE_PARTN,pk,2018,100.0
SE_PRE_PARTN,pe,2018,99.23259
SE_PRE_PARTN,pe,2018,100.0
SE_PRE_PARTN,pe,2018,98.4503
SE_PRE_PARTN,tl,2018,42.30617
SE_PRE_PARTN,tl,2018,42.95815
SE_PRE_PARTN,tl,2018,42.63833
SE_PRE_PARTN,qa,2018,90.81906
SE_PRE_PARTN,qa,2018,94.18362
SE_PRE_PARTN,qa,2018,92.44451
SE_PRE_PARTN,rw,2018,48.63722
SE_PRE_PARTN,rw,2018,47.05002
SE_PRE_PARTN,rw,2018,47.84139
SE_PRE_PARTN,co,2018,98.48498
SE_PRE_PARTN,co,2018,100.0
SE_PRE_PARTN,co,2018,99.22525
SE_PRE_PARTN,km,2018,29.39341
SE_PRE_PARTN,km,2018,29.90073
SE_PRE_PARTN,km,2018,30.42697
SE_PRE_PARTN,cr,2018,97.5446
SE_PRE_PARTN,cr,2018,96.08662
SE_PRE_PARTN,cr,2018,96.79858
SE_PRE_PARTN,uz,2018,36.71731
SE_PRE_PARTN,uz,2018,36.46983
SE_PRE_PARTN,uz,2018,36.95197
SE_PRE_PARTN,ws,2018,37.97129
SE_PRE_PARTN,ws,2018,34.31734
SE_PRE_PARTN,ws,2018,41.90855
SG_GEN_PARLN,br,2018,55.0
SG_GEN_PARLN,br,2019,77.0
SG_GEN_PARLN,br,2020,75.0
SG_GEN_PARLN,bz,2018,3.0
SG_GEN_PARLN,bz,2019,3.0
SG_GEN_PARLN,bz,2020,3.0
SG_GEN_PARLN,sb,2018,1.0
SG_GEN_PARLN,sb,2019,1.0
SG_GEN_PARLN,sb,2020,3.0
SG_GEN_PARLN,bn,2018,3.0
SG_GEN_PARLN,bn,2019,3.0
SG_GEN_PARLN,bn,2020,3.0
SG_GEN_PARLN,bg,2018,57.0
SG_GEN_PARLN,bg,2019,62.0
SG_GEN_PARLN,bg,2020,64.0
SG_GEN_PARLN,mm,2018,44.0
SG_GEN_PARLN,mm,2019,49.0
SG_GEN_PARLN,mm,2020,48.0
SG_GEN_PARLN,bi,2018,44.0
SG_GEN_PARLN,bi,2019,44.0
SG_GEN_PARLN,bi,2020,44.0
SG_GEN_PARLN,by,2018,38.0
SG_GEN_PARLN,by,2019,38.0
SG_GEN_PARLN,by,2020,44.0
SG_GEN_PARLN,kh,2018,25.0
SG_GEN_PARLN,kh,2019,25.0
SG_GEN_PARLN,kh,2020,25.0
SG_GEN_PARLN,cm,2018,56.0
SG_GEN_PARLN,cm,2019,56.0
SG_GEN_PARLN,cm,2020,56.0
SG_GEN_PARLN,ca,2018,91.0
SG_GEN_PARLN,ca,2019,90.0
SG_GEN_PARLN,ca,2020,98.0
SG_GEN_PARLN,cv,2018,17.0
SG_GEN_PARLN,cv,2019,17.0
SG_GEN_PARLN,cv,2020,18.0
SG_GEN_PARLN,nr,2018,2.0
SG_GEN_PARLN,nr,2019,2.0
SG_GEN_PARLN,nr,2020,2.0
SG_GEN_PARLN,np,2018,90.0
SG_GEN_PARLN,np,2019,90.0
SG_GEN_PARLN,np,2020,90.0
SG_GEN_PARLN,nl,2018,54.0
SG_GEN_PARLN,cf,2018,12.0
SG_GEN_PARLN,cf,2019,12.0
SG_GEN_PARLN,cf,2020,12.0
SG_GEN_PARLN,nl,2019,47.0
SG_GEN_PARLN,nl,2020,50.0
SG_GEN_PARLN,vu,2018,0.0
SG_GEN_PARLN,vu,2019,0.0
SG_GEN_PARLN,vu,2020,0.0
SG_GEN_PARLN,nz,2018,46.0
SG_GEN_PARLN,nz,2019,48.0
SG_GEN_PARLN,nz,2020,49.0
SG_GEN_PARLN,ni,2018,42.0
SG_GEN_PARLN,ni,2019,41.0
SG_GEN_PARLN,ni,2020,43.0
SG_GEN_PARLN,ne,2018,29.0
SG_GEN_PARLN,ne,2019,29.0
SG_GEN_PARLN,ne,2020,29.0
SG_GEN_PARLN,ng,2018,20.0
SG_GEN_PARLN,lk,2018,13.0
SG_GEN_PARLN,lk,2019,12.0
SG_GEN_PARLN,lk,2020,12.0
SG_GEN_PARLN,td,2018,24.0
SG_GEN_PARLN,td,2019,25.0
SG_GEN_PARLN,td,2020,25.0
SG_GEN_PARLN,cl,2019,35.0
SG_GEN_PARLN,dz,2018,119.0
SG_GEN_PARLN,cl,2020,35.0
SG_GEN_PARLN,cn,2018,709.0
SG_GEN_PARLN,cn,2019,742.0
SG_GEN_PARLN,dz,2019,119.0
SG_GEN_PARLN,dz,2020,119.0
SG_GEN_PARLN,cn,2020,742.0
SG_GEN_PARLN,co,2018,31.0
SG_GEN_PARLN,co,2019,32.0
SG_GEN_PARLN,co,2020,31.0
SG_GEN_PARLN,km,2018,2.0
SG_GEN_PARLN,km,2019,2.0
SG_GEN_PARLN,km,2020,2.0
SG_GEN_PARLN,cg,2018,17.0
SG_GEN_PARLN,cg,2019,17.0
SG_GEN_PARLN,ad,2018,9.0
SG_GEN_PARLN,cg,2020,17.0
SG_GEN_PARLN,cd,2018,44.0
SG_GEN_PARLN,cd,2019,50.0
SG_GEN_PARLN,cd,2020,64.0
SG_GEN_PARLN,cr,2018,20.0
SG_GEN_PARLN,cr,2019,26.0
SG_GEN_PARLN,cr,2020,26.0
SG_GEN_PARLN,hr,2018,28.0
SG_GEN_PARLN,hr,2019,31.0
SG_GEN_PARLN,ad,2019,9.0
SG_GEN_PARLN,ad,2020,13.0
SG_GEN_PARLN,ao,2018,67.0
SG_GEN_PARLN,ao,2019,66.0
SG_GEN_PARLN,ao,2020,66.0
SG_GEN_PARLN,ag,2018,2.0
SG_GEN_PARLN,ng,2019,20.0
SG_GEN_PARLN,ng,2020,12.0
SG_GEN_PARLN,no,2018,70.0
SG_GEN_PARLN,no,2019,69.0
SG_GEN_PARLN,no,2020,70.0
SG_GEN_PARLN,fm,2018,0.0
SG_GEN_PARLN,fm,2019,0.0
SG_GEN_PARLN,fm,2020,0.0
SG_GEN_PARLN,mh,2018,3.0
SG_GEN_PARLN,hr,2020,29.0
SG_GEN_PARLN,cu,2018,299.0
SG_GEN_PARLN,cu,2019,322.0
SG_GEN_PARLN,cu,2020,322.0
SG_GEN_PARLN,cy,2018,10.0
SG_GEN_PARLN,cy,2019,10.0
SG_GEN_PARLN,cy,2020,11.0
SG_GEN_PARLN,mh,2019,3.0
SG_GEN_PARLN,mh,2020,2.0
SG_GEN_PARLN,pw,2018,2.0
SG_GEN_PARLN,pw,2019,2.0
SG_GEN_PARLN,pw,2020,2.0
SG_GEN_PARLN,pk,2018,70.0
SG_GEN_PARLN,pk,2019,69.0
SG_GEN_PARLN,pk,2020,69.0
SG_GEN_PARLN,pa,2018,13.0
SG_GEN_PARLN,cz,2018,44.0
SG_GEN_PARLN,cz,2019,45.0
SG_GEN_PARLN,cz,2020,45.0
SG_GEN_PARLN,bj,2018,6.0
SG_GEN_PARLN,bj,2019,6.0
SG_GEN_PARLN,pa,2019,13.0
SG_GEN_PARLN,pa,2020,16.0
SG_GEN_PARLN,pg,2018,0.0
SG_GEN_PARLN,pg,2019,0.0
SG_GEN_PARLN,pg,2020,0.0
SG_GEN_PARLN,py,2018,11.0
SG_GEN_PARLN,py,2019,12.0
SG_GEN_PARLN,py,2020,13.0
SG_GEN_PARLN,pe,2018,36.0
SG_GEN_PARLN,bj,2020,6.0
SG_GEN_PARLN,dk,2018,67.0
SG_GEN_PARLN,dk,2019,67.0
SG_GEN_PARLN,dk,2020,71.0
SG_GEN_PARLN,dm,2018,8.0
SG_GEN_PARLN,dm,2019,8.0
SG_GEN_PARLN,dm,2020,8.0
SG_GEN_PARLN,do,2018,51.0
SG_GEN_PARLN,pe,2019,39.0
SG_GEN_PARLN,pe,2020,39.0
SG_GEN_PARLN,ph,2018,86.0
SG_GEN_PARLN,ph,2019,86.0
SG_GEN_PARLN,ph,2020,85.0
SG_GEN_PARLN,pl,2018,129.0
SG_GEN_PARLN,pl,2019,134.0
SG_GEN_PARLN,pl,2020,132.0
SG_GEN_PARLN,pt,2018,80.0
SG_GEN_PARLN,ag,2019,2.0
SG_GEN_PARLN,ag,2020,2.0
SG_GEN_PARLN,az,2018,21.0
SG_GEN_PARLN,do,2019,51.0
SG_GEN_PARLN,do,2020,53.0
SG_GEN_PARLN,ec,2018,52.0
SG_GEN_PARLN,ec,2019,52.0
SG_GEN_PARLN,ec,2020,54.0
SG_GEN_PARLN,sv,2018,27.0
SG_GEN_PARLN,sv,2019,26.0
SG_GEN_PARLN,sv,2020,28.0
SG_GEN_PARLN,gq,2018,20.0
SG_GEN_PARLN,az,2019,20.0
SG_GEN_PARLN,az,2020,20.0
SG_GEN_PARLN,ar,2018,100.0
SG_GEN_PARLN,ar,2019,99.0
SG_GEN_PARLN,ar,2020,105.0
SG_GEN_PARLN,gq,2019,20.0
SG_GEN_PARLN,gq,2020,21.0
SG_GEN_PARLN,et,2018,212.0
SG_GEN_PARLN,et,2019,212.0
SG_GEN_PARLN,et,2020,212.0
SG_GEN_PARLN,er,2018,33.0
SG_GEN_PARLN,er,2019,33.0
SG_GEN_PARLN,ee,2018,27.0
SG_GEN_PARLN,ee,2019,29.0
SG_GEN_PARLN,au,2018,43.0
SG_GEN_PARLN,au,2019,45.0
SG_GEN_PARLN,au,2020,46.0
SG_GEN_PARLN,at,2018,63.0
SG_GEN_PARLN,ee,2020,29.0
SG_GEN_PARLN,fj,2018,8.0
SG_GEN_PARLN,fj,2019,10.0
SG_GEN_PARLN,fj,2020,10.0
SG_GEN_PARLN,fi,2018,84.0
SG_GEN_PARLN,fi,2019,83.0
SG_GEN_PARLN,fi,2020,92.0
SG_GEN_PARLN,fr,2018,225.0
SG_GEN_PARLN,fr,2019,229.0
SG_GEN_PARLN,at,2019,68.0
SG_GEN_PARLN,at,2020,72.0
SG_GEN_PARLN,bs,2018,5.0
SG_GEN_PARLN,bs,2019,5.0
SG_GEN_PARLN,bs,2020,5.0
SG_GEN_PARLN,bh,2018,3.0
SG_GEN_PARLN,bh,2019,6.0
SG_GEN_PARLN,bh,2020,6.0
SG_GEN_PARLN,bd,2018,71.0
SG_GEN_PARLN,fr,2020,228.0
SG_GEN_PARLN,dj,2018,7.0
SG_GEN_PARLN,dj,2019,17.0
SG_GEN_PARLN,dj,2020,17.0
SG_GEN_PARLN,ga,2018,20.0
SG_GEN_PARLN,ga,2019,24.0
SG_GEN_PARLN,ga,2020,21.0
SG_GEN_PARLN,ge,2018,24.0
SG_GEN_PARLN,ge,2019,22.0
SG_GEN_PARLN,bd,2019,72.0
SG_GEN_PARLN,bd,2020,73.0
SG_GEN_PARLN,am,2018,19.0
SG_GEN_PARLN,am,2019,32.0
SG_GEN_PARLN,am,2020,31.0
SG_GEN_PARLN,bb,2018,5.0
SG_GEN_PARLN,bb,2019,6.0
SG_GEN_PARLN,bb,2020,6.0
SG_GEN_PARLN,pt,2019,82.0
SG_GEN_PARLN,pt,2020,92.0
SG_GEN_PARLN,gw,2018,14.0
SG_GEN_PARLN,gw,2019,14.0
SG_GEN_PARLN,gw,2020,14.0
SG_GEN_PARLN,tl,2018,21.0
SG_GEN_PARLN,tl,2019,26.0
SG_GEN_PARLN,tl,2020,25.0
SG_GEN_PARLN,qa,2018,4.0
SG_GEN_PARLN,ge,2020,21.0
SG_GEN_PARLN,gm,2018,6.0
SG_GEN_PARLN,gm,2019,6.0
SG_GEN_PARLN,gm,2020,5.0
SG_GEN_PARLN,de,2018,218.0
SG_GEN_PARLN,de,2019,219.0
SG_GEN_PARLN,de,2020,221.0
SG_GEN_PARLN,gh,2018,35.0
SG_GEN_PARLN,gh,2019,36.0
SG_GEN_PARLN,qa,2019,4.0
SG_GEN_PARLN,qa,2020,4.0
SG_GEN_PARLN,ro,2018,68.0
SG_GEN_PARLN,ro,2019,68.0
SG_GEN_PARLN,ro,2020,72.0
SG_GEN_PARLN,ru,2018,71.0
SG_GEN_PARLN,ru,2019,71.0
SG_GEN_PARLN,ru,2020,71.0
SG_GEN_PARLN,rw,2018,49.0
SG_GEN_PARLN,gh,2020,36.0
SG_GEN_PARLN,ki,2018,3.0
SG_GEN_PARLN,ki,2019,3.0
SG_GEN_PARLN,ki,2020,3.0
SG_GEN_PARLN,gr,2018,55.0
SG_GEN_PARLN,gr,2019,56.0
SG_GEN_PARLN,gr,2020,62.0
SG_GEN_PARLN,gd,2018,5.0
SG_GEN_PARLN,gd,2019,7.0
SG_GEN_PARLN,rw,2019,49.0
SG_GEN_PARLN,rw,2020,49.0
SG_GEN_PARLN,kn,2018,2.0
SG_GEN_PARLN,kn,2019,2.0
SG_GEN_PARLN,kn,2020,3.0
SG_GEN_PARLN,lc,2018,3.0
SG_GEN_PARLN,lc,2019,3.0
SG_GEN_PARLN,lc,2020,3.0
SG_GEN_PARLN,vc,2018,3.0
SG_GEN_PARLN,gd,2020,7.0
SG_GEN_PARLN,gt,2018,20.0
SG_GEN_PARLN,gt,2019,30.0
SG_GEN_PARLN,gt,2020,30.0
SG_GEN_PARLN,gn,2018,25.0
SG_GEN_PARLN,gn,2019,26.0
SG_GEN_PARLN,gn,2020,26.0
SG_GEN_PARLN,gy,2018,22.0
SG_GEN_PARLN,gy,2019,22.0
SG_GEN_PARLN,vc,2019,3.0
SG_GEN_PARLN,vc,2020,3.0
SG_GEN_PARLN,sm,2018,16.0
SG_GEN_PARLN,sm,2019,15.0
SG_GEN_PARLN,sm,2020,19.0
SG_GEN_PARLN,st,2018,10.0
SG_GEN_PARLN,st,2019,8.0
SG_GEN_PARLN,st,2020,8.0
SG_GEN_PARLN,sa,2018,30.0
SG_GEN_PARLN,be,2018,57.0
SG_GEN_PARLN,be,2019,57.0
SG_GEN_PARLN,be,2020,61.0
SG_GEN_PARLN,gy,2020,24.0
SG_GEN_PARLN,ht,2018,3.0
SG_GEN_PARLN,ht,2019,3.0
SG_GEN_PARLN,ht,2020,3.0
SG_GEN_PARLN,hn,2018,27.0
SG_GEN_PARLN,hn,2019,27.0
SG_GEN_PARLN,hn,2020,27.0
SG_GEN_PARLN,hu,2018,20.0
SG_GEN_PARLN,hu,2019,25.0
SG_GEN_PARLN,bt,2018,4.0
SG_GEN_PARLN,hu,2020,24.0
SG_GEN_PARLN,is,2018,24.0
SG_GEN_PARLN,is,2019,24.0
SG_GEN_PARLN,is,2020,24.0
SG_GEN_PARLN,in,2018,64.0
SG_GEN_PARLN,in,2019,66.0
SG_GEN_PARLN,in,2020,78.0
SG_GEN_PARLN,id,2018,111.0
SG_GEN_PARLN,id,2019,102.0
SG_GEN_PARLN,bt,2019,7.0
SG_GEN_PARLN,bt,2020,7.0
SG_GEN_PARLN,bo,2018,69.0
SG_GEN_PARLN,bo,2019,69.0
SG_GEN_PARLN,bo,2020,69.0
SG_GEN_PARLN,ba,2018,9.0
SG_GEN_PARLN,ba,2019,9.0
SG_GEN_PARLN,ba,2020,9.0
SG_GEN_PARLN,id,2020,117.0
SG_GEN_PARLN,ir,2018,17.0
SG_GEN_PARLN,ir,2019,17.0
SG_GEN_PARLN,ir,2020,17.0
SG_GEN_PARLN,iq,2018,83.0
SG_GEN_PARLN,iq,2019,83.0
SG_GEN_PARLN,iq,2020,87.0
SG_GEN_PARLN,ie,2018,35.0
SG_GEN_PARLN,ie,2019,35.0
SG_GEN_PARLN,ie,2020,33.0
SG_GEN_PARLN,il,2018,33.0
SG_GEN_PARLN,il,2019,35.0
SG_GEN_PARLN,il,2020,28.0
SG_GEN_PARLN,it,2018,195.0
SG_GEN_PARLN,it,2019,225.0
SG_GEN_PARLN,it,2020,225.0
SG_GEN_PARLN,ci,2018,27.0
SG_GEN_PARLN,ci,2019,28.0
SG_GEN_PARLN,ci,2020,30.0
SG_GEN_PARLN,jm,2018,11.0
SG_GEN_PARLN,jm,2019,11.0
SG_GEN_PARLN,jm,2020,11.0
SG_GEN_PARLN,jp,2018,47.0
SG_GEN_PARLN,jp,2019,47.0
SG_GEN_PARLN,jp,2020,46.0
SG_GEN_PARLN,kz,2018,29.0
SG_GEN_PARLN,kz,2019,29.0
SG_GEN_PARLN,kz,2020,29.0
SG_GEN_PARLN,jo,2018,20.0
SG_GEN_PARLN,jo,2019,20.0
SG_GEN_PARLN,jo,2020,20.0
SG_GEN_PARLN,ke,2018,76.0
SG_GEN_PARLN,ke,2019,76.0
SG_GEN_PARLN,ke,2020,76.0
SG_GEN_PARLN,kp,2018,112.0
SG_GEN_PARLN,kp,2019,112.0
SG_GEN_PARLN,kp,2020,121.0
SG_GEN_PARLN,kr,2018,51.0
SG_GEN_PARLN,kr,2019,51.0
SG_GEN_PARLN,kr,2020,51.0
SG_GEN_PARLN,kw,2018,2.0
SG_GEN_PARLN,kw,2019,3.0
SG_GEN_PARLN,kw,2020,4.0
SG_GEN_PARLN,kg,2018,23.0
SG_GEN_PARLN,kg,2019,23.0
SG_GEN_PARLN,kg,2020,23.0
SG_GEN_PARLN,la,2018,41.0
SG_GEN_PARLN,la,2019,41.0
SG_GEN_PARLN,la,2020,41.0
SG_GEN_PARLN,lb,2018,4.0
SG_GEN_PARLN,lb,2019,6.0
SG_GEN_PARLN,lb,2020,6.0
SG_GEN_PARLN,ls,2018,27.0
SG_GEN_PARLN,ls,2019,28.0
SG_GEN_PARLN,ls,2020,28.0
SG_GEN_PARLN,lv,2018,16.0
SG_GEN_PARLN,lv,2019,31.0
SG_GEN_PARLN,lv,2020,30.0
SG_GEN_PARLN,lr,2018,7.0
SG_GEN_PARLN,lr,2019,9.0
SG_GEN_PARLN,lr,2020,9.0
SG_GEN_PARLN,ly,2018,30.0
SG_GEN_PARLN,ly,2019,30.0
SG_GEN_PARLN,ly,2020,30.0
SG_GEN_PARLN,li,2018,3.0
SG_GEN_PARLN,li,2019,3.0
SG_GEN_PARLN,li,2020,3.0
SG_GEN_PARLN,lt,2018,30.0
SG_GEN_PARLN,lt,2019,30.0
SG_GEN_PARLN,lt,2020,34.0
SG_GEN_PARLN,lu,2018,17.0
SG_GEN_PARLN,lu,2019,15.0
SG_GEN_PARLN,lu,2020,18.0
SG_GEN_PARLN,mg,2018,29.0
SG_GEN_PARLN,mg,2019,29.0
SG_GEN_PARLN,mg,2020,24.0
SG_GEN_PARLN,mw,2018,32.0
SG_GEN_PARLN,mw,2019,32.0
SG_GEN_PARLN,mw,2020,44.0
SG_GEN_PARLN,my,2018,23.0
SG_GEN_PARLN,my,2019,32.0
SG_GEN_PARLN,my,2020,32.0
SG_GEN_PARLN,mv,2018,5.0
SG_GEN_PARLN,mv,2019,4.0
SG_GEN_PARLN,mv,2020,4.0
SG_GEN_PARLN,ml,2018,13.0
SG_GEN_PARLN,ml,2019,13.0
SG_GEN_PARLN,ml,2020,14.0
SG_GEN_PARLN,mt,2018,8.0
SG_GEN_PARLN,mt,2019,8.0
SG_GEN_PARLN,mt,2020,9.0
SG_GEN_PARLN,mr,2018,37.0
SG_GEN_PARLN,mr,2019,31.0
SG_GEN_PARLN,mr,2020,31.0
SG_GEN_PARLN,mu,2018,8.0
SG_GEN_PARLN,mu,2019,8.0
SG_GEN_PARLN,mu,2020,14.0
SG_GEN_PARLN,mx,2018,213.0
SG_GEN_PARLN,mx,2019,241.0
SG_GEN_PARLN,mx,2020,241.0
SG_GEN_PARLN,mc,2018,5.0
SG_GEN_PARLN,mc,2019,8.0
SG_GEN_PARLN,mc,2020,8.0
SG_GEN_PARLN,mn,2018,13.0
SG_GEN_PARLN,mn,2019,13.0
SG_GEN_PARLN,mn,2020,13.0
SG_GEN_PARLN,md,2018,23.0
SG_GEN_PARLN,md,2019,23.0
SG_GEN_PARLN,md,2020,25.0
SG_GEN_PARLN,me,2018,19.0
SG_GEN_PARLN,me,2019,19.0
SG_GEN_PARLN,me,2020,24.0
SG_GEN_PARLN,ma,2018,81.0
SG_GEN_PARLN,ma,2019,81.0
SG_GEN_PARLN,ma,2020,81.0
SG_GEN_PARLN,mz,2018,99.0
SG_GEN_PARLN,mz,2019,99.0
SG_GEN_PARLN,mz,2020,103.0
SG_GEN_PARLN,om,2018,1.0
SG_GEN_PARLN,om,2019,1.0
SG_GEN_PARLN,om,2020,2.0
SG_GEN_PARLN,na,2018,48.0
SG_GEN_PARLN,na,2019,48.0
SG_GEN_PARLN,na,2020,41.0
SG_GEN_PARLN,sa,2019,30.0
SG_GEN_PARLN,sa,2020,30.0
SG_GEN_PARLN,sn,2018,69.0
SG_GEN_PARLN,sn,2019,69.0
SG_GEN_PARLN,sn,2020,71.0
SG_GEN_PARLN,rs,2018,86.0
SG_GEN_PARLN,rs,2019,93.0
SG_GEN_PARLN,rs,2020,93.0
SG_GEN_PARLN,sc,2018,7.0
SG_GEN_PARLN,sc,2019,7.0
SG_GEN_PARLN,sc,2020,7.0
SG_GEN_PARLN,sl,2018,15.0
SG_GEN_PARLN,sl,2019,18.0
SG_GEN_PARLN,sl,2020,18.0
SG_GEN_PARLN,sg,2018,23.0
SG_GEN_PARLN,sg,2019,23.0
SG_GEN_PARLN,sg,2020,24.0
SG_GEN_PARLN,sk,2018,30.0
SG_GEN_PARLN,sk,2019,30.0
SG_GEN_PARLN,sk,2020,31.0
SG_GEN_PARLN,vn,2018,132.0
SG_GEN_PARLN,vn,2019,132.0
SG_GEN_PARLN,vn,2020,132.0
SG_GEN_PARLN,si,2018,33.0
SG_GEN_PARLN,si,2019,22.0
SG_GEN_PARLN,si,2020,25.0
SG_GEN_PARLN,so,2018,67.0
SG_GEN_PARLN,so,2019,67.0
SG_GEN_PARLN,so,2020,67.0
SG_GEN_PARLN,za,2018,167.0
SG_GEN_PARLN,za,2019,168.0
SG_GEN_PARLN,za,2020,184.0
SG_GEN_PARLN,zw,2018,83.0
SG_GEN_PARLN,zw,2019,86.0
SG_GEN_PARLN,zw,2020,86.0
SG_GEN_PARLN,es,2018,137.0
SG_GEN_PARLN,es,2019,144.0
SG_GEN_PARLN,es,2020,154.0
SG_GEN_PARLN,ss,2018,109.0
SG_GEN_PARLN,ss,2019,109.0
SG_GEN_PARLN,ss,2020,109.0
SG_GEN_PARLN,sd,2018,130.0
SG_GEN_PARLN,bw,2018,6.0
SG_GEN_PARLN,bw,2019,6.0
SG_GEN_PARLN,bw,2020,7.0
SG_GEN_PARLN,sd,2019,133.0
SG_GEN_PARLN,sr,2018,13.0
SG_GEN_PARLN,sr,2019,15.0
SG_GEN_PARLN,sr,2020,16.0
SG_GEN_PARLN,sz,2018,4.0
SG_GEN_PARLN,sz,2019,5.0
SG_GEN_PARLN,sz,2020,7.0
SG_GEN_PARLN,se,2018,152.0
SG_GEN_PARLN,se,2019,165.0
SG_GEN_PARLN,se,2020,164.0
SG_GEN_PARLN,ch,2018,65.0
SG_GEN_PARLN,ch,2019,65.0
SG_GEN_PARLN,ch,2020,83.0
SG_GEN_PARLN,sy,2018,33.0
SG_GEN_PARLN,sy,2019,33.0
SG_GEN_PARLN,sy,2020,31.0
SG_GEN_PARLN,tj,2018,12.0
SG_GEN_PARLN,tj,2019,12.0
SG_GEN_PARLN,tj,2020,12.0
SG_GEN_PARLN,th,2018,12.0
SG_GEN_PARLN,th,2019,13.0
SG_GEN_PARLN,th,2020,81.0
SG_GEN_PARLN,tg,2018,16.0
SG_GEN_PARLN,tg,2019,15.0
SG_GEN_PARLN,tg,2020,17.0
SG_GEN_PARLN,to,2018,2.0
SG_GEN_PARLN,to,2019,2.0
SG_GEN_PARLN,to,2020,2.0
SG_GEN_PARLN,tt,2018,13.0
SG_GEN_PARLN,tt,2019,13.0
SG_GEN_PARLN,tt,2020,13.0
SG_GEN_PARLN,ae,2018,9.0
SG_GEN_PARLN,ae,2019,9.0
SG_GEN_PARLN,ae,2020,20.0
SG_GEN_PARLN,tn,2018,68.0
SG_GEN_PARLN,tn,2019,78.0
SG_GEN_PARLN,tn,2020,54.0
SG_GEN_PARLN,tr,2018,80.0
SG_GEN_PARLN,tr,2019,104.0
SG_GEN_PARLN,tr,2020,102.0
SG_GEN_PARLN,tm,2018,32.0
SG_GEN_PARLN,tm,2019,31.0
SG_GEN_PARLN,tm,2020,31.0
SG_GEN_PARLN,tv,2018,1.0
SG_GEN_PARLN,tv,2019,1.0
SG_GEN_PARLN,tv,2020,1.0
SG_GEN_PARLN,ug,2018,154.0
SG_GEN_PARLN,ug,2019,160.0
SG_GEN_PARLN,ug,2020,160.0
SG_GEN_PARLN,ua,2018,52.0
SG_GEN_PARLN,ua,2019,49.0
SG_GEN_PARLN,ua,2020,88.0
SG_GEN_PARLN,mk,2018,45.0
SG_GEN_PARLN,mk,2019,46.0
SG_GEN_PARLN,mk,2020,48.0
SG_GEN_PARLN,eg,2018,89.0
SG_GEN_PARLN,eg,2019,89.0
SG_GEN_PARLN,eg,2020,90.0
SG_GEN_PARLN,gb,2018,208.0
SG_GEN_PARLN,gb,2019,208.0
SG_GEN_PARLN,gb,2020,220.0
SG_GEN_PARLN,tz,2018,145.0
SG_GEN_PARLN,tz,2019,145.0
SG_GEN_PARLN,tz,2020,145.0
SG_GEN_PARLN,us,2018,84.0
SG_GEN_PARLN,us,2019,102.0
SG_GEN_PARLN,us,2020,101.0
SG_GEN_PARLN,bf,2018,14.0
SG_GEN_PARLN,bf,2019,17.0
SG_GEN_PARLN,bf,2020,17.0
SG_GEN_PARLN,uy,2018,20.0
SG_GEN_PARLN,uy,2019,22.0
SG_GEN_PARLN,uy,2020,21.0
SG_GEN_PARLN,uz,2018,24.0
SG_GEN_PARLN,uz,2019,24.0
SG_GEN_PARLN,uz,2020,48.0
SG_GEN_PARLN,ve,2018,37.0
SG_GEN_PARLN,ve,2019,37.0
SG_GEN_PARLN,ve,2020,37.0
SG_GEN_PARLN,ws,2018,5.0
SG_GEN_PARLN,ws,2019,5.0
SG_GEN_PARLN,ws,2020,5.0
SG_GEN_PARLN,ye,2018,0.0
SG_GEN_PARLN,ye,2019,1.0
SG_GEN_PARLN,ye,2020,1.0
SG_GEN_PARLN,zm,2018,30.0
SG_GEN_PARLN,zm,2019,30.0
SG_GEN_PARLN,zm,2020,28.0
NY_GDP_PCAP,dz,2018,-0.62
NY_GDP_PCAP,nc,2018,0.58
NY_GDP_PCAP,vu,2018,0.68
NY_GDP_PCAP,nz,2018,1.94
NY_GDP_PCAP,ni,2018,-5.02
NY_GDP_PCAP,ne,2018,3.0
NY_GDP_PCAP,ng,2018,-0.67
NY_GDP_PCAP,no,2018,0.5
NY_GDP_PCAP,fm,2018,0.34
NY_GDP_PCAP,mh,2018,1.93
NY_GDP_PCAP,pw,2018,1.14
NY_GDP_PCAP,pk,2018,3.28
NY_GDP_PCAP,ad,2018,1.62
NY_GDP_PCAP,ao,2018,-4.38
NY_GDP_PCAP,ag,2018,6.43
NY_GDP_PCAP,az,2018,0.35
NY_GDP_PCAP,ar,2018,-3.45
NY_GDP_PCAP,pa,2018,1.94
NY_GDP_PCAP,pg,2018,-1.95
NY_GDP_PCAP,py,2018,2.67
NY_GDP_PCAP,pe,2018,2.21
NY_GDP_PCAP,ph,2018,4.77
NY_GDP_PCAP,pl,2018,5.24
NY_GDP_PCAP,pt,2018,2.76
NY_GDP_PCAP,gw,2018,1.24
NY_GDP_PCAP,tl,2018,0.81
NY_GDP_PCAP,pr,2018,-1.02
NY_GDP_PCAP,qa,2018,-0.58
NY_GDP_PCAP,ro,2018,4.74
NY_GDP_PCAP,au,2018,0.67
NY_GDP_PCAP,at,2018,1.6
NY_GDP_PCAP,bs,2018,0.54
NY_GDP_PCAP,bh,2018,-2.39
NY_GDP_PCAP,bd,2018,6.73
NY_GDP_PCAP,am,2018,4.99
NY_GDP_PCAP,bb,2018,-0.55
NY_GDP_PCAP,be,2018,0.91
NY_GDP_PCAP,ru,2018,2.11
NY_GDP_PCAP,rw,2018,5.79
NY_GDP_PCAP,kn,2018,2.15
NY_GDP_PCAP,ai,2018,-5.98
NY_GDP_PCAP,lc,2018,0.34
NY_GDP_PCAP,vc,2018,1.81
NY_GDP_PCAP,sm,2018,0.79
NY_GDP_PCAP,st,2018,0.25
NY_GDP_PCAP,sa,2018,0.39
NY_GDP_PCAP,sn,2018,3.85
NY_GDP_PCAP,rs,2018,4.71
NY_GDP_PCAP,sc,2018,7.1
NY_GDP_PCAP,bm,2018,0.05
NY_GDP_PCAP,bt,2018,4.54
NY_GDP_PCAP,bo,2018,2.75
NY_GDP_PCAP,ba,2018,3.42
NY_GDP_PCAP,bw,2018,2.18
NY_GDP_PCAP,br,2018,0.33
NY_GDP_PCAP,bz,2018,0.13
NY_GDP_PCAP,sb,2018,1.18
NY_GDP_PCAP,vg,2018,2.29
NY_GDP_PCAP,bn,2018,-0.99
NY_GDP_PCAP,sl,2018,2.41
NY_GDP_PCAP,sg,2018,2.34
NY_GDP_PCAP,sk,2018,3.94
NY_GDP_PCAP,vn,2018,6.02
NY_GDP_PCAP,si,2018,4.05
NY_GDP_PCAP,so,2018,0.22
NY_GDP_PCAP,za,2018,-0.58
NY_GDP_PCAP,zw,2018,3.36
NY_GDP_PCAP,es,2018,2.25
NY_GDP_PCAP,ss,2018,2.79
NY_GDP_PCAP,sd,2018,-4.63
NY_GDP_PCAP,sr,2018,1.64
NY_GDP_PCAP,sz,2018,1.32
NY_GDP_PCAP,se,2018,1.54
NY_GDP_PCAP,ch,2018,1.91
NY_GDP_PCAP,sy,2018,3.33
NY_GDP_PCAP,tj,2018,4.54
NY_GDP_PCAP,th,2018,3.8
NY_GDP_PCAP,tg,2018,2.37
NY_GDP_PCAP,to,2018,-1.6
NY_GDP_PCAP,tt,2018,-0.66
NY_GDP_PCAP,ae,2018,0.21
NY_GDP_PCAP,tn,2018,1.32
NY_GDP_PCAP,tr,2018,1.3
NY_GDP_PCAP,tm,2018,4.46
NY_GDP_PCAP,tc,2018,3.74
NY_GDP_PCAP,tv,2018,5.72
NY_GDP_PCAP,ug,2018,4.87
NY_GDP_PCAP,ua,2018,3.9
NY_GDP_PCAP,mk,2018,3.25
NY_GDP_PCAP,eg,2018,3.19
NY_GDP_PCAP,gb,2018,0.76
NY_GDP_PCAP,bg,2018,3.83
NY_GDP_PCAP,mm,2018,5.56
NY_GDP_PCAP,bi,2018,-2.97
NY_GDP_PCAP,by,2018,3.01
NY_GDP_PCAP,kh,2018,5.91
NY_GDP_PCAP,cm,2018,1.38
NY_GDP_PCAP,ca,2018,0.94
NY_GDP_PCAP,cv,2018,3.87
NY_GDP_PCAP,ky,2018,2.0
NY_GDP_PCAP,cf,2018,2.77
NY_GDP_PCAP,lk,2018,2.72
NY_GDP_PCAP,td,2018,-0.61
NY_GDP_PCAP,cl,2018,2.59
NY_GDP_PCAP,cn,2018,6.07
NY_GDP_PCAP,co,2018,1.11
NY_GDP_PCAP,km,2018,0.68
NY_GDP_PCAP,cg,2018,-1.55
NY_GDP_PCAP,cd,2018,2.43
NY_GDP_PCAP,ck,2018,5.6
NY_GDP_PCAP,cr,2018,1.65
NY_GDP_PCAP,hr,2018,3.35
NY_GDP_PCAP,cu,2018,2.26
NY_GDP_PCAP,cy,2018,3.22
NY_GDP_PCAP,cz,2018,2.72
NY_GDP_PCAP,bj,2018,3.67
NY_GDP_PCAP,dk,2018,2.04
NY_GDP_PCAP,dm,2018,2.03
NY_GDP_PCAP,do,2018,5.8
NY_GDP_PCAP,ec,2018,-0.4
NY_GDP_PCAP,sv,2018,2.02
NY_GDP_PCAP,gq,2018,-8.11
NY_GDP_PCAP,et,2018,4.05
NY_GDP_PCAP,er,2018,2.99
NY_GDP_PCAP,ee,2018,4.48
NY_GDP_PCAP,fj,2018,2.82
NY_GDP_PCAP,fi,2018,1.47
NY_GDP_PCAP,fr,2018,1.47
NY_GDP_PCAP,pf,2018,1.89
NY_GDP_PCAP,dj,2018,4.02
NY_GDP_PCAP,ga,2018,-1.37
NY_GDP_PCAP,ge,2018,4.99
NY_GDP_PCAP,gm,2018,3.45
NY_GDP_PCAP,ps,2018,-1.18
NY_GDP_PCAP,de,2018,0.96
NY_GDP_PCAP,gh,2018,3.96
NY_GDP_PCAP,ki,2018,0.84
NY_GDP_PCAP,gr,2018,2.39
NY_GDP_PCAP,gl,2018,3.07
NY_GDP_PCAP,gd,2018,3.6
NY_GDP_PCAP,gt,2018,1.15
NY_GDP_PCAP,gn,2018,2.81
NY_GDP_PCAP,gy,2018,2.92
NY_GDP_PCAP,ht,2018,0.2
NY_GDP_PCAP,hn,2018,2.03
NY_GDP_PCAP,hk,2018,2.09
NY_GDP_PCAP,hu,2018,5.34
NY_GDP_PCAP,is,2018,3.89
NY_GDP_PCAP,in,2018,5.71
NY_GDP_PCAP,id,2018,3.98
NY_GDP_PCAP,ir,2018,-6.16
NY_GDP_PCAP,iq,2018,-3.23
NY_GDP_PCAP,ie,2018,6.7
NY_GDP_PCAP,il,2018,1.74
NY_GDP_PCAP,it,2018,0.85
NY_GDP_PCAP,ci,2018,4.73
NY_GDP_PCAP,jm,2018,1.45
NY_GDP_PCAP,jp,2018,1.03
NY_GDP_PCAP,kz,2018,2.74
NY_GDP_PCAP,jo,2018,0.11
NY_GDP_PCAP,ke,2018,3.9
NY_GDP_PCAP,kp,2018,-4.6
NY_GDP_PCAP,kr,2018,2.51
NY_GDP_PCAP,kw,2018,-0.75
NY_GDP_PCAP,kg,2018,1.58
NY_GDP_PCAP,la,2018,4.62
NY_GDP_PCAP,lb,2018,-0.34
NY_GDP_PCAP,ls,2018,0.4
NY_GDP_PCAP,lv,2018,5.85
NY_GDP_PCAP,lr,2018,-1.23
NY_GDP_PCAP,ly,2018,16.15
NY_GDP_PCAP,li,2018,1.74
NY_GDP_PCAP,lt,2018,5.28
NY_GDP_PCAP,lu,2018,1.01
NY_GDP_PCAP,mo,2018,3.21
NY_GDP_PCAP,mg,2018,1.81
NY_GDP_PCAP,mw,2018,1.3
NY_GDP_PCAP,my,2018,3.34
NY_GDP_PCAP,mv,2018,2.89
NY_GDP_PCAP,ml,2018,3.52
NY_GDP_PCAP,mt,2018,6.23
NY_GDP_PCAP,mr,2018,0.76
NY_GDP_PCAP,mu,2018,3.55
NY_GDP_PCAP,mx,2018,0.85
NY_GDP_PCAP,mc,2018,5.29
NY_GDP_PCAP,mn,2018,4.81
NY_GDP_PCAP,md,2018,2.98
NY_GDP_PCAP,me,2018,5.04
NY_GDP_PCAP,ms,2018,3.53
NY_GDP_PCAP,ma,2018,2.4
NY_GDP_PCAP,mz,2018,0.46
NY_GDP_PCAP,om,2018,-1.37
NY_GDP_PCAP,na,2018,-1.94
NY_GDP_PCAP,nr,2018,-4.87
NY_GDP_PCAP,np,2018,4.9
NY_GDP_PCAP,nl,2018,2.37
NY_GDP_PCAP,cw,2018,-2.62
NY_GDP_PCAP,tz,2018,3.81
NY_GDP_PCAP,us,2018,2.29
NY_GDP_PCAP,bf,2018,3.8
NY_GDP_PCAP,uy,2018,1.25
NY_GDP_PCAP,uz,2018,3.45
NY_GDP_PCAP,ve,2018,-16.54
NY_GDP_PCAP,ws,2018,0.26
NY_GDP_PCAP,ye,2018,-3.64
NY_GDP_PCAP,zm,2018,1.09
NY_GDP_PCAP,aw,2018,0.45
NY_GDP_PCAP,sx,2018,-9.58
GB_XPD_RSDV,ge,2018,0.30457
GB_XPD_RSDV,hk,2018,0.86096
GB_XPD_RSDV,in,2018,0.59738
GB_XPD_RSDV,id,2018,0.26542
GB_XPD_RSDV,kz,2018,0.12286
GB_XPD_RSDV,kw,2018,0.06192
GB_XPD_RSDV,mo,2018,0.20351
GB_XPD_RSDV,mu,2018,0.33521
GB_XPD_RSDV,mn,2018,0.10293
GB_XPD_RSDV,md,2018,0.25498
GB_XPD_RSDV,om,2018,0.21961
GB_XPD_RSDV,az,2018,0.18484
GB_XPD_RSDV,am,2018,0.18913
GB_XPD_RSDV,ba,2018,0.1988
GB_XPD_RSDV,by,2018,0.60817
GB_XPD_RSDV,ca,2018,1.55277
GB_XPD_RSDV,co,2018,0.23699
GB_XPD_RSDV,pe,2018,0.12704
GB_XPD_RSDV,rs,2018,0.92132
GB_XPD_RSDV,tj,2018,0.09703
GB_XPD_RSDV,ae,2018,1.30316
GB_XPD_RSDV,tn,2018,0.59997
GB_XPD_RSDV,ua,2018,0.47134
GB_XPD_RSDV,mk,2018,0.36398
GB_XPD_RSDV,eg,2018,0.72388
GB_XPD_RSDV,uz,2018,0.12976
VC_DSR_DAFF,ao,2018,108.0
VC_DSR_DAFF,au,2018,101.0
VC_DSR_DAFF,bb,2018,67.0
VC_DSR_DAFF,bt,2018,30.0
VC_DSR_DAFF,bw,2018,262.0
VC_DSR_DAFF,bg,2018,9.0
VC_DSR_DAFF,lk,2018,488.0
VC_DSR_DAFF,cn,2018,459.0
VC_DSR_DAFF,co,2018,393.0
VC_DSR_DAFF,km,2018,50.0
VC_DSR_DAFF,cr,2018,0.0
VC_DSR_DAFF,cy,2018,79.0
VC_DSR_DAFF,ec,2018,0.0
VC_DSR_DAFF,fj,2018,17075.0
VC_DSR_DAFF,gm,2018,92.0
VC_DSR_DAFF,gh,2018,20.0
VC_DSR_DAFF,gt,2018,58.0
VC_DSR_DAFF,id,2018,4159.0
VC_DSR_DAFF,kz,2018,86.0
VC_DSR_DAFF,jo,2018,1.0
VC_DSR_DAFF,lb,2018,1.0
VC_DSR_DAFF,mg,2018,654.0
VC_DSR_DAFF,mw,2018,770.0
VC_DSR_DAFF,my,2018,160.0
VC_DSR_DAFF,mx,2018,200.0
VC_DSR_DAFF,mz,2018,212.0
VC_DSR_DAFF,np,2018,217.0
VC_DSR_DAFF,nz,2018,12.0
VC_DSR_DAFF,ne,2018,21647.0
VC_DSR_DAFF,pk,2018,3.0
VC_DSR_DAFF,pa,2018,39.0
VC_DSR_DAFF,py,2018,1763.0
VC_DSR_DAFF,pe,2018,98.0
VC_DSR_DAFF,ph,2018,5222.0
VC_DSR_DAFF,gw,2018,0.0
VC_DSR_DAFF,ro,2018,702.0
VC_DSR_DAFF,si,2018,100.0
VC_DSR_DAFF,so,2018,44.0
VC_DSR_DAFF,sd,2018,4918.0
VC_DSR_DAFF,tj,2018,13.0
VC_DSR_DAFF,th,2018,206.0
VC_DSR_DAFF,lb,2018,1.0
VC_DSR_DAFF,mg,2018,654.0
VC_DSR_DAFF,mw,2018,770.0
VC_DSR_DAFF,my,2018,160.0
VC_DSR_DAFF,mx,2018,200.0
VC_DSR_DAFF,mz,2018,212.0
VC_DSR_DAFF,np,2018,217.0
VC_DSR_DAFF,nz,2018,12.0
VC_DSR_DAFF,ne,2018,21647.0
VC_DSR_DAFF,pk,2018,3.0
VC_DSR_DAFF,pa,2018,39.0
VC_DSR_DAFF,py,2018,1763.0
VC_DSR_DAFF,ao,2018,108.0
VC_DSR_DAFF,au,2018,101.0
VC_DSR_DAFF,bb,2018,67.0
VC_DSR_DAFF,bt,2018,30.0
VC_DSR_DAFF,bw,2018,262.0
VC_DSR_DAFF,pe,2018,98.0
VC_DSR_DAFF,ph,2018,5222.0
VC_DSR_DAFF,gw,2018,0.0
VC_DSR_DAFF,ro,2018,702.0
VC_DSR_DAFF,si,2018,100.0
VC_DSR_DAFF,so,2018,44.0
VC_DSR_DAFF,sd,2018,4918.0
VC_DSR_DAFF,tj,2018,13.0
VC_DSR_DAFF,th,2018,206.0
VC_DSR_DAFF,tg,2018,28.0
VC_DSR_DAFF,to,2018,79151.0
VC_DSR_DAFF,tn,2018,151.0
VC_DSR_DAFF,bg,2018,9.0
VC_DSR_DAFF,lk,2018,488.0
VC_DSR_DAFF,cn,2018,459.0
VC_DSR_DAFF,co,2018,393.0
VC_DSR_DAFF,km,2018,50.0
VC_DSR_DAFF,cr,2018,0.0
VC_DSR_DAFF,cy,2018,79.0
VC_DSR_DAFF,ec,2018,0.0
VC_DSR_DAFF,fj,2018,17075.0
VC_DSR_DAFF,gm,2018,92.0
VC_DSR_DAFF,gh,2018,20.0
VC_DSR_DAFF,gt,2018,58.0
VC_DSR_DAFF,ug,2018,118.0
VC_DSR_DAFF,ua,2018,9.0
VC_DSR_DAFF,uy,2018,30.0
VC_DSR_DAFF,bb,2018,67.0
VC_DSR_DAFF,bt,2018,30.0
VC_DSR_DAFF,bw,2018,262.0
VC_DSR_DAFF,bg,2018,9.0
VC_DSR_DAFF,lk,2018,488.0
VC_DSR_DAFF,cn,2018,459.0
VC_DSR_DAFF,co,2018,393.0
VC_DSR_DAFF,km,2018,50.0
VC_DSR_DAFF,cr,2018,0.0
VC_DSR_DAFF,tg,2018,28.0
VC_DSR_DAFF,to,2018,79151.0
VC_DSR_DAFF,tn,2018,151.0
VC_DSR_DAFF,ug,2018,118.0
VC_DSR_DAFF,ua,2018,9.0
VC_DSR_DAFF,cy,2018,79.0
VC_DSR_DAFF,ec,2018,0.0
VC_DSR_DAFF,fj,2018,17075.0
VC_DSR_DAFF,gm,2018,92.0
VC_DSR_DAFF,gh,2018,20.0
VC_DSR_DAFF,gt,2018,58.0
VC_DSR_DAFF,id,2018,4159.0
VC_DSR_DAFF,kz,2018,86.0
VC_DSR_DAFF,jo,2018,1.0
VC_DSR_DAFF,lb,2018,1.0
VC_DSR_DAFF,mg,2018,654.0
VC_DSR_DAFF,mw,2018,770.0
VC_DSR_DAFF,my,2018,160.0
VC_DSR_DAFF,mx,2018,200.0
VC_DSR_DAFF,mz,2018,212.0
VC_DSR_DAFF,np,2018,217.0
VC_DSR_DAFF,nz,2018,12.0
VC_DSR_DAFF,ne,2018,21647.0
VC_DSR_DAFF,pk,2018,3.0
VC_DSR_DAFF,pa,2018,39.0
VC_DSR_DAFF,py,2018,1763.0
VC_DSR_DAFF,pe,2018,98.0
VC_DSR_DAFF,ph,2018,5222.0
VC_DSR_DAFF,gw,2018,0.0
VC_DSR_DAFF,ro,2018,702.0
VC_DSR_DAFF,si,2018,100.0
VC_DSR_DAFF,so,2018,44.0
VC_DSR_DAFF,sd,2018,4918.0
VC_DSR_DAFF,tj,2018,13.0
VC_DSR_DAFF,th,2018,206.0
VC_DSR_DAFF,tg,2018,28.0
VC_DSR_DAFF,to,2018,79151.0
VC_DSR_DAFF,tn,2018,151.0
VC_DSR_DAFF,ug,2018,118.0
VC_DSR_DAFF,ua,2018,9.0
VC_DSR_DAFF,uy,2018,30.0
VC_DSR_DAFF,uy,2018,30.0
VC_DSR_DAFF,id,2018,4159.0
VC_DSR_DAFF,kz,2018,86.0
VC_DSR_DAFF,jo,2018,1.0
VC_DSR_DAFF,ao,2018,108.0
VC_DSR_DAFF,au,2018,101.0
